variant	asset	asset_fnv64	sample	frame	viewport	scene	topology	geometry	paint	layers	visible_layers	draw_items	masks	clip_paths	path_verbs	path_points	gradient_stops
samsung	1667-firework.json	32cf10be155c6455	p000	0	128x128	a1ff2ee61c0fbb48	e861d15b3021ae17	021f4aa964bd319e	258991662908cc45	262	18	7	0	10	102	141	0
samsung	1667-firework.json	32cf10be155c6455	p025	19	128x128	0844c83a66e676f6	498f9aa59916dfd6	f8f4c4acd482394b	3bef6a2c6afa79de	262	41	18	0	22	240	344	0
samsung	1667-firework.json	32cf10be155c6455	p050	39	128x128	95916549a172505b	562a252f981ac725	08d2fdec7810e016	1b0971ab681a4e03	262	244	102	0	141	1458	2031	0
samsung	1667-firework.json	32cf10be155c6455	p075	59	128x128	dd06b345120ad86d	562a252f981ac725	a4ac357fecf94d33	1b0971ab681a4e03	262	244	102	0	141	1458	2031	0
samsung	1667-firework.json	32cf10be155c6455	p100	78	128x128	b6b99a66e081bf3d	837b6ab56fc6d1d3	9a15dca3b4e61b30	cbf29ce484222325	262	142	0	0	141	846	705	0
samsung	ModernPictogramsForLottie_LoudMute.json	dab2a6e2529b17fd	p000	0	128x128	5485af218b316269	e30738d1179fd93a	f2bc6ca70ba782eb	fdc2bc33fbb6ab5a	13	6	3	0	1	28	59	0
samsung	ModernPictogramsForLottie_LoudMute.json	dab2a6e2529b17fd	p025	22	128x128	a0ab8191733e196d	82d0deca23dab0bb	e3ecbf80734b33d2	88882770ff7e6f7c	13	8	5	0	1	44	97	0
samsung	ModernPictogramsForLottie_LoudMute.json	dab2a6e2529b17fd	p050	44	128x128	6d6a3f76b4656c80	7ab32c06c38ad1f0	1d2f9c06fbe2a123	91f9dc56a8dee134	13	7	4	0	1	42	93	0
samsung	ModernPictogramsForLottie_LoudMute.json	dab2a6e2529b17fd	p075	66	128x128	bb3e316b4e023dcb	d35b417fb93abc5d	decf9c1a2d604f43	ddd6eb15038e0de6	13	7	5	0	1	44	97	0
samsung	ModernPictogramsForLottie_LoudMute.json	dab2a6e2529b17fd	p100	88	128x128	baf7e24f123b2c90	b0f6b703fecc9726	f2a6a8b86bba07fe	f22a7946f7436210	13	5	3	0	1	28	59	0
samsung	StickAndBall.json	e7131282b35e2e14	p000	0	128x128	85b7c54d61b4a216	c41bb30cdaf4fbf8	0c63f5b67c6d8ef3	9a74978966d68341	3	3	3	0	0	14	30	0
samsung	StickAndBall.json	e7131282b35e2e14	p025	6	128x128	23695ec21a8e1479	c41bb30cdaf4fbf8	bf0662e773cfd3be	213778a25ca07618	3	3	3	0	0	14	30	0
samsung	StickAndBall.json	e7131282b35e2e14	p050	12	128x128	5a580926b4fd9914	c41bb30cdaf4fbf8	a9a87fbf543a236e	518cd5779fc2f650	3	3	3	0	0	14	30	0
samsung	StickAndBall.json	e7131282b35e2e14	p075	18	128x128	a92db5fc7365719a	c41bb30cdaf4fbf8	a915f986cdcb8bf8	9a74978966d68341	3	3	3	0	0	14	30	0
samsung	StickAndBall.json	e7131282b35e2e14	p100	23	128x128	ee52af41867d9dda	c41bb30cdaf4fbf8	a83c5d5c6722f802	9a74978966d68341	3	3	3	0	0	14	30	0
samsung	dynamic_path_test.json	7a378a5ee043f6b4	p000	0	128x128	7626e352b0e83f76	9508ef93bc76b551	f69c2f6e3284158d	9d1d665f7b831c7e	2	2	3	0	0	43	73	0
samsung	dynamic_path_test.json	7a378a5ee043f6b4	p025	37	128x128	b21a927a892797ee	faaeb287054f9b35	8195186f2691b904	9d1d665f7b831c7e	2	2	3	0	0	55	109	0
samsung	dynamic_path_test.json	7a378a5ee043f6b4	p050	75	128x128	88da28fe5cb36f91	faaeb287054f9b35	547bc84b7edee73f	9d1d665f7b831c7e	2	2	3	0	0	55	109	0
samsung	dynamic_path_test.json	7a378a5ee043f6b4	p075	113	128x128	a43cb1c0b07b9fc6	faaeb287054f9b35	4aa1685c9c98c0e2	9d1d665f7b831c7e	2	2	3	0	0	55	109	0
samsung	dynamic_path_test.json	7a378a5ee043f6b4	p100	150	128x128	93aa45c4c964681b	faaeb287054f9b35	835882acd48b955b	9d1d665f7b831c7e	2	2	3	0	0	55	109	0
samsung	gradient_animated_background.json	a78189500889cf1b	p000	0	128x128	80e4931f8af297e6	b2b7344057815647	bc5d7115fdaaeab9	45010350fc19fda1	3	3	3	0	0	18	15	3
samsung	gradient_animated_background.json	a78189500889cf1b	p025	39	128x128	82b615838ee91aed	b2b7344057815647	bc5d7115fdaaeab9	4ca74fa470e6bb32	3	3	3	0	0	18	15	3
samsung	gradient_animated_background.json	a78189500889cf1b	p050	78	128x128	9c2f7cdf5fa7eef5	b2b7344057815647	bc5d7115fdaaeab9	3728899f39de2c43	3	3	3	0	0	18	15	3
samsung	gradient_animated_background.json	a78189500889cf1b	p075	117	128x128	90bcf35078407a24	b2b7344057815647	bc5d7115fdaaeab9	131c31e2af9c949f	3	3	3	0	0	18	15	3
samsung	gradient_animated_background.json	a78189500889cf1b	p100	155	128x128	f8e30ae1787e82b0	b2b7344057815647	bc5d7115fdaaeab9	4c2917fbcd884da5	3	3	3	0	0	18	15	3
samsung	mask.json	1c1102ff30a73b97	p000	0	128x128	2f571fdf945f3d0b	63e85ede1f05c9d3	1222bea794a8bc8d	77be6a758c9118fa	2	2	1	1	0	12	18	0
samsung	mask.json	1c1102ff30a73b97	p025	7	128x128	fdefb36c1e0c3a97	63e85ede1f05c9d3	a39072a24f771376	77be6a758c9118fa	2	2	1	1	0	12	18	0
samsung	mask.json	1c1102ff30a73b97	p050	15	128x128	4c88734a4af37e72	63e85ede1f05c9d3	e1d9c221e7538680	77be6a758c9118fa	2	2	1	1	0	12	18	0
samsung	mask.json	1c1102ff30a73b97	p075	23	128x128	82bfe171abb920db	63e85ede1f05c9d3	9937882619b6beb1	77be6a758c9118fa	2	2	1	1	0	12	18	0
samsung	mask.json	1c1102ff30a73b97	p100	30	128x128	62d45b426ed532fb	63e85ede1f05c9d3	53a7da5320f48b2e	77be6a758c9118fa	2	2	1	1	0	12	18	0
samsung	matte_two_item_with_lowerlayer.json	764f903aa7bfff66	p000	0	128x128	f016b89b11ca1522	38bce7101ea3c54d	bbd4a3ecbbd1fe7b	72e1985909bccfcf	4	4	7	0	0	64	82	0
samsung	matte_two_item_with_lowerlayer.json	764f903aa7bfff66	p025	37	128x128	f016b89b11ca1522	38bce7101ea3c54d	bbd4a3ecbbd1fe7b	72e1985909bccfcf	4	4	7	0	0	64	82	0
samsung	matte_two_item_with_lowerlayer.json	764f903aa7bfff66	p050	75	128x128	f016b89b11ca1522	38bce7101ea3c54d	bbd4a3ecbbd1fe7b	72e1985909bccfcf	4	4	7	0	0	64	82	0
samsung	matte_two_item_with_lowerlayer.json	764f903aa7bfff66	p075	113	128x128	f016b89b11ca1522	38bce7101ea3c54d	bbd4a3ecbbd1fe7b	72e1985909bccfcf	4	4	7	0	0	64	82	0
samsung	matte_two_item_with_lowerlayer.json	764f903aa7bfff66	p100	150	128x128	f016b89b11ca1522	38bce7101ea3c54d	bbd4a3ecbbd1fe7b	72e1985909bccfcf	4	4	7	0	0	64	82	0
samsung	polystar_line_clockwise_trim.json	8d8cd4aacce0760d	p000	0	128x128	9be45b74c459b915	7f335568733aa639	05d42f7493f0b64c	069461bce8601f2c	2	2	1	0	0	2	2	0
samsung	polystar_line_clockwise_trim.json	8d8cd4aacce0760d	p025	37	128x128	ca7b425cce28fe36	2e47b180ace7ce6d	77a162dc45e233fb	069461bce8601f2c	2	2	1	0	0	6	6	0
samsung	polystar_line_clockwise_trim.json	8d8cd4aacce0760d	p050	75	128x128	940586106cfd902c	13cb116f76b87253	8e1a2cffe3586f1f	069461bce8601f2c	2	2	1	0	0	12	12	0
samsung	polystar_line_clockwise_trim.json	8d8cd4aacce0760d	p075	113	128x128	59f15bb38cc3f9c7	4f682c95d75eefee	e4f6a468f14c62bd	069461bce8601f2c	2	2	1	0	0	21	21	0
samsung	polystar_line_clockwise_trim.json	8d8cd4aacce0760d	p100	150	128x128	0cca4a4d4395c248	cf63ab9896bc758f	c52135375f4b4fd9	069461bce8601f2c	2	2	1	0	0	33	32	0
