variant	repository	commit	asset	asset_fnv64	width	height	framerate	duration	total_frames	sample	frame	render_width	render_height	frame_fnv64	nontransparent_pixels	alpha_sum	bounds
telegram	https://github.com/TelegramMessenger/rlottie	67f103bc8b625f2a4a9e94f1d8c7bd84c5a08d1d	1667-firework.json	32cf10be155c6455	800	800	29.970001220703125	2.5692358016967773	78	p000	0	128	128	6c4b6079d30872b8	4	692	63,63,2,2
telegram	https://github.com/TelegramMessenger/rlottie	67f103bc8b625f2a4a9e94f1d8c7bd84c5a08d1d	1667-firework.json	32cf10be155c6455	800	800	29.970001220703125	2.5692358016967773	78	p025	19	128	128	77d4d2050702178a	135	12021	30,29,67,69
telegram	https://github.com/TelegramMessenger/rlottie	67f103bc8b625f2a4a9e94f1d8c7bd84c5a08d1d	1667-firework.json	32cf10be155c6455	800	800	29.970001220703125	2.5692358016967773	78	p050	39	128	128	f00d1bf419190f4d	814	69093	9,8,110,111
telegram	https://github.com/TelegramMessenger/rlottie	67f103bc8b625f2a4a9e94f1d8c7bd84c5a08d1d	1667-firework.json	32cf10be155c6455	800	800	29.970001220703125	2.5692358016967773	78	p075	58	128	128	9c03bd029d7bf454	105	619	2,8,124,118
telegram	https://github.com/TelegramMessenger/rlottie	67f103bc8b625f2a4a9e94f1d8c7bd84c5a08d1d	1667-firework.json	32cf10be155c6455	800	800	29.970001220703125	2.5692358016967773	78	p100	77	128	128	eb05052ea5b62325	0	0	empty
telegram	https://github.com/TelegramMessenger/rlottie	67f103bc8b625f2a4a9e94f1d8c7bd84c5a08d1d	ModernPictogramsForLottie_LoudMute.json	dab2a6e2529b17fd	800	800	60	1.4500000476837158	88	p000	0	128	128	c5621232b26bce2c	90	14497	59,57,12,14
telegram	https://github.com/TelegramMessenger/rlottie	67f103bc8b625f2a4a9e94f1d8c7bd84c5a08d1d	ModernPictogramsForLottie_LoudMute.json	dab2a6e2529b17fd	800	800	60	1.4500000476837158	88	p025	22	128	128	4a5a20711ef5dbe2	87	14235	56,57,11,14
telegram	https://github.com/TelegramMessenger/rlottie	67f103bc8b625f2a4a9e94f1d8c7bd84c5a08d1d	ModernPictogramsForLottie_LoudMute.json	dab2a6e2529b17fd	800	800	60	1.4500000476837158	88	p050	44	128	128	03118ed1ccafce1c	130	20445	56,57,16,14
telegram	https://github.com/TelegramMessenger/rlottie	67f103bc8b625f2a4a9e94f1d8c7bd84c5a08d1d	ModernPictogramsForLottie_LoudMute.json	dab2a6e2529b17fd	800	800	60	1.4500000476837158	88	p075	66	128	128	1ce9d4da6ded5b66	78	13951	57,57,9,14
telegram	https://github.com/TelegramMessenger/rlottie	67f103bc8b625f2a4a9e94f1d8c7bd84c5a08d1d	ModernPictogramsForLottie_LoudMute.json	dab2a6e2529b17fd	800	800	60	1.4500000476837158	88	p100	87	128	128	2bc7ec42fa6cec3e	90	14505	59,57,12,14
telegram	https://github.com/TelegramMessenger/rlottie	67f103bc8b625f2a4a9e94f1d8c7bd84c5a08d1d	StickAndBall.json	e7131282b35e2e14	1080	1080	24	0.91666668653488159	23	p000	0	128	128	15d2d2bcfb6898df	414	79572	58,20,12,83
telegram	https://github.com/TelegramMessenger/rlottie	67f103bc8b625f2a4a9e94f1d8c7bd84c5a08d1d	StickAndBall.json	e7131282b35e2e14	1080	1080	24	0.91666668653488159	23	p025	5	128	128	036a020a26c2f811	424	83978	58,25,12,77
telegram	https://github.com/TelegramMessenger/rlottie	67f103bc8b625f2a4a9e94f1d8c7bd84c5a08d1d	StickAndBall.json	e7131282b35e2e14	1080	1080	24	0.91666668653488159	23	p050	11	128	128	feb11dddca8d9d41	399	79067	35,60,58,16
telegram	https://github.com/TelegramMessenger/rlottie	67f103bc8b625f2a4a9e94f1d8c7bd84c5a08d1d	StickAndBall.json	e7131282b35e2e14	1080	1080	24	0.91666668653488159	23	p075	17	128	128	661da4df3b99c01f	405	82791	59,24,10,79
telegram	https://github.com/TelegramMessenger/rlottie	67f103bc8b625f2a4a9e94f1d8c7bd84c5a08d1d	StickAndBall.json	e7131282b35e2e14	1080	1080	24	0.91666668653488159	23	p100	22	128	128	828c6342b69bd5cb	376	79609	58,20,12,83
telegram	https://github.com/TelegramMessenger/rlottie	67f103bc8b625f2a4a9e94f1d8c7bd84c5a08d1d	dynamic_path_test.json	7a378a5ee043f6b4	300	300	29.970001220703125	4.9716382026672363	150	p000	0	128	128	c515f2af662c8395	4901	1209886	31,15,73,89
telegram	https://github.com/TelegramMessenger/rlottie	67f103bc8b625f2a4a9e94f1d8c7bd84c5a08d1d	dynamic_path_test.json	7a378a5ee043f6b4	300	300	29.970001220703125	4.9716382026672363	150	p025	37	128	128	d8f58d05bea4c818	4357	1089054	41,15,64,90
telegram	https://github.com/TelegramMessenger/rlottie	67f103bc8b625f2a4a9e94f1d8c7bd84c5a08d1d	dynamic_path_test.json	7a378a5ee043f6b4	300	300	29.970001220703125	4.9716382026672363	150	p050	75	128	128	413db1e0177d3ed5	4271	1056904	42,15,67,93
telegram	https://github.com/TelegramMessenger/rlottie	67f103bc8b625f2a4a9e94f1d8c7bd84c5a08d1d	dynamic_path_test.json	7a378a5ee043f6b4	300	300	29.970001220703125	4.9716382026672363	150	p075	112	128	128	f8dc58660204ff29	3947	969975	42,16,70,94
telegram	https://github.com/TelegramMessenger/rlottie	67f103bc8b625f2a4a9e94f1d8c7bd84c5a08d1d	dynamic_path_test.json	7a378a5ee043f6b4	300	300	29.970001220703125	4.9716382026672363	150	p100	149	128	128	fb7fcde7254ecfd3	3647	893067	42,16,72,95
telegram	https://github.com/TelegramMessenger/rlottie	67f103bc8b625f2a4a9e94f1d8c7bd84c5a08d1d	gradient_animated_background.json	a78189500889cf1b	1080	1920	15	10.266666412353516	155	p000	0	128	128	6e1971058190707e	9472	2369345	27,0,74,128
telegram	https://github.com/TelegramMessenger/rlottie	67f103bc8b625f2a4a9e94f1d8c7bd84c5a08d1d	gradient_animated_background.json	a78189500889cf1b	1080	1920	15	10.266666412353516	155	p025	38	128	128	ae8b6ce5a9f11e23	9472	2370193	27,0,74,128
telegram	https://github.com/TelegramMessenger/rlottie	67f103bc8b625f2a4a9e94f1d8c7bd84c5a08d1d	gradient_animated_background.json	a78189500889cf1b	1080	1920	15	10.266666412353516	155	p050	77	128	128	a883e70352c27f00	9472	2369988	27,0,74,128
telegram	https://github.com/TelegramMessenger/rlottie	67f103bc8b625f2a4a9e94f1d8c7bd84c5a08d1d	gradient_animated_background.json	a78189500889cf1b	1080	1920	15	10.266666412353516	155	p075	116	128	128	6ef3cf19a7f02c16	9472	2369629	27,0,74,128
telegram	https://github.com/TelegramMessenger/rlottie	67f103bc8b625f2a4a9e94f1d8c7bd84c5a08d1d	gradient_animated_background.json	a78189500889cf1b	1080	1920	15	10.266666412353516	155	p100	154	128	128	c8069d00611583c8	9472	2369426	27,0,74,128
telegram	https://github.com/TelegramMessenger/rlottie	67f103bc8b625f2a4a9e94f1d8c7bd84c5a08d1d	mask.json	1c1102ff30a73b97	500	500	60	0.48333331942558289	30	p000	0	128	128	debc5eb999e96f6a	2236	537821	38,38,52,52
telegram	https://github.com/TelegramMessenger/rlottie	67f103bc8b625f2a4a9e94f1d8c7bd84c5a08d1d	mask.json	1c1102ff30a73b97	500	500	60	0.48333331942558289	30	p025	7	128	128	07e2121e1a06d9bc	2262	543024	38,38,52,52
telegram	https://github.com/TelegramMessenger/rlottie	67f103bc8b625f2a4a9e94f1d8c7bd84c5a08d1d	mask.json	1c1102ff30a73b97	500	500	60	0.48333331942558289	30	p050	15	128	128	c18ff53ef485dd81	2240	538270	38,38,52,52
telegram	https://github.com/TelegramMessenger/rlottie	67f103bc8b625f2a4a9e94f1d8c7bd84c5a08d1d	mask.json	1c1102ff30a73b97	500	500	60	0.48333331942558289	30	p075	22	128	128	746f008319011518	2184	524887	38,38,52,52
telegram	https://github.com/TelegramMessenger/rlottie	67f103bc8b625f2a4a9e94f1d8c7bd84c5a08d1d	mask.json	1c1102ff30a73b97	500	500	60	0.48333331942558289	30	p100	29	128	128	8123a21e9bd57701	2128	501052	38,38,52,52
telegram	https://github.com/TelegramMessenger/rlottie	67f103bc8b625f2a4a9e94f1d8c7bd84c5a08d1d	matte_two_item_with_lowerlayer.json	764f903aa7bfff66	300	300	29.970001220703125	4.9716382026672363	150	p000	0	128	128	8e57d5d7d6a45619	1390	252993	40,45,46,41
telegram	https://github.com/TelegramMessenger/rlottie	67f103bc8b625f2a4a9e94f1d8c7bd84c5a08d1d	matte_two_item_with_lowerlayer.json	764f903aa7bfff66	300	300	29.970001220703125	4.9716382026672363	150	p025	37	128	128	8e57d5d7d6a45619	1390	252993	40,45,46,41
telegram	https://github.com/TelegramMessenger/rlottie	67f103bc8b625f2a4a9e94f1d8c7bd84c5a08d1d	matte_two_item_with_lowerlayer.json	764f903aa7bfff66	300	300	29.970001220703125	4.9716382026672363	150	p050	75	128	128	8e57d5d7d6a45619	1390	252993	40,45,46,41
telegram	https://github.com/TelegramMessenger/rlottie	67f103bc8b625f2a4a9e94f1d8c7bd84c5a08d1d	matte_two_item_with_lowerlayer.json	764f903aa7bfff66	300	300	29.970001220703125	4.9716382026672363	150	p075	112	128	128	8e57d5d7d6a45619	1390	252993	40,45,46,41
telegram	https://github.com/TelegramMessenger/rlottie	67f103bc8b625f2a4a9e94f1d8c7bd84c5a08d1d	matte_two_item_with_lowerlayer.json	764f903aa7bfff66	300	300	29.970001220703125	4.9716382026672363	150	p100	149	128	128	8e57d5d7d6a45619	1390	252993	40,45,46,41
telegram	https://github.com/TelegramMessenger/rlottie	67f103bc8b625f2a4a9e94f1d8c7bd84c5a08d1d	polystar_line_clockwise_trim.json	8d8cd4aacce0760d	300	300	29.970001220703125	4.9716382026672363	150	p000	0	128	128	c83d598f3556b475	17	1712	64,20,9,4
telegram	https://github.com/TelegramMessenger/rlottie	67f103bc8b625f2a4a9e94f1d8c7bd84c5a08d1d	polystar_line_clockwise_trim.json	8d8cd4aacce0760d	300	300	29.970001220703125	4.9716382026672363	150	p025	37	128	128	60e9ce778ae86f69	159	17345	80,45,35,65
telegram	https://github.com/TelegramMessenger/rlottie	67f103bc8b625f2a4a9e94f1d8c7bd84c5a08d1d	polystar_line_clockwise_trim.json	8d8cd4aacce0760d	300	300	29.970001220703125	4.9716382026672363	150	p050	75	128	128	b8eee0e425b103d5	412	44920	9,44,112,80
telegram	https://github.com/TelegramMessenger/rlottie	67f103bc8b625f2a4a9e94f1d8c7bd84c5a08d1d	polystar_line_clockwise_trim.json	8d8cd4aacce0760d	300	300	29.970001220703125	4.9716382026672363	150	p075	112	128	128	e39c8fe6941cc475	425	45588	20,20,77,90
telegram	https://github.com/TelegramMessenger/rlottie	67f103bc8b625f2a4a9e94f1d8c7bd84c5a08d1d	polystar_line_clockwise_trim.json	8d8cd4aacce0760d	300	300	29.970001220703125	4.9716382026672363	150	p100	149	128	128	bd022da8a5ca7621	1703	193233	20,19,91,91
